name,bd,bd_y,md,md_y,phd,phd_y
Tania A. Baker,University of Wisconsin-Madison,1983,,,Stanford University,1988
David Bartel,Goshen College,1982,,,Harvard University,1993
Stephen Bell,Northwestern University,1985,,,Berkeley,1990
Laurie A. Boyer,Framingham State University,1990,,,University of Massachusetts Medical School,2001
Christopher Burge,Stanford University,1990,,,Stanford University,1997
Eliezer Calo,University of Puerto Rico-Río Piedras,2006,,,MIT,2011
Lindsay Case,Franklin and Marshall College,2008,,,University of North Carolina at Chapel Hill,2014
Iain M. Cheeseman,Duke University,1997,,,Berkeley,2002
Jianzhu Chen,Wuhan University,1982,,,Stanford University,1990
Yiyin Erin Chen,University of Chicago,2006,,,Harvard Medical School,2011
Sallie (Penny) W. Chisholm,,,,,SUNY Albany,1974
Ibrahim Cissé,North Carolina Central University,2004,,,University of Illinois at Urbana-Champaign,2009
Olivia Corradin,Marquette University,2010,,,Case Western Reserve University,2015
Joseph (Joey) Davis,Berkeley,2003,Berkeley,2003,MIT,2010
Catherine Drennan,Vassar College,1985,,,University of Michigan,1995
Gerald R. Fink,Amherst College,1962,,,Yale University,1965
Mary Gehring,Williams College,1998,,,Berkeley,2005
Alan D. Grossman,Brown University,1979,,,Madison,1984
Leonard P. Guarente,MIT,1974,,,Harvard University,1978
Michael T. Hemann,Wesleyan University,1993,,,Johns Hopkins University,2001
H. Robert Horvitz,MIT,1968,,,Harvard University,1974
David Housman,Brandeis University,1966,,,Brandeis University,1971
Siniša Hrvatin,Harvard University,2007,,,Harvard University,2013
Richard O. Hynes,Cambridge University,1966,Cambridge University,1970,MIT,1971
Barbara Imperiali,University College London,1979,,,MIT,1983
Tyler Jacks,Harvard University,1983,,,San Francisco,1988
Rudolf Jaenisch,,,,,University of Munich,1967
Ankur Jain,Indian Institute of Technology Kharagpur,2007,,,Urbana-Champaign,2013
Chris A. Kaiser,,,,,MIT,1987
Amy E. Keating,Harvard University,1992,,,Los Angeles,1998
Kristin Knouse,Duke University,2010,,,Harvard Medical School,2017
Monty Krieger,Tulane University,1971,,,California Institute of Technology,1976
Rebecca Lamason,Millersville University,2002,,,The Johns Hopkins University School of Medicine,2011
Eric S. Lander,Princeton University,1978,,,Oxford University,1981
Michael T. Laub,San Diego,1997,,,Stanford University,2002
Douglas Lauffenburger,Urbana-Champaign,1975,,,University of Minnesota,1979
Jacqueline Lees,University of York,1986,,,University of London,1990
Ruth Lehmann,University of Freiburg,1981,,,University of Tübingen,1985
Gene-Wei Li,National Tsinghua University,2004,,,Harvard University,2010
Pulin Li,Peking University,2006,,,Harvard University,2012
Troy Littleton,Louisiana State University,1989,,,Baylor College of Medicine,1994
Harvey F. Lodish,Kenyon College,1962,,,Rockefeller University,1966
Sebastian Lourido,Tulane University,2004,,,Washington University in St. Louis,2012
Adam C. Martin,Cornell University,2000,,,Berkeley,2006
Hernandez Moura Silva,University of Brasilia,2005,University of Brasilia,2008,University of São Paulo Heart Institute,2011
Elly Nedivi,Israel,1982,,,Stanford University,1991
David C. Page,Swarthmore College,1978,,,Harvard Medical School,1984
Sara Prescott,Princeton University,2008,,,Stanford University School of Medicine,2016
Peter Reddien,University of Texas at Austin,1996,,,MIT,2002
Aviv Regev,Tel Aviv University,1997,,,Tel Aviv University,2003
Alison E. Ringel,Wesleyan University,2009,,,Johns Hopkins University School of Medicine,2015
Francisco J. Sánchez-Rivera,University of Puerto Rico at Mayagüez,2008,,,MIT,2016
Robert T. Sauer,Amherst College,1972,,,Harvard University,1979
Thomas U. Schwartz,Free University of Berlin,1993,Free University of Berlin,1996,Free University of Berlin,2000
Phillip A. Sharp,Union College,1966,,,Urbana-Champaign,1969
Anthony J. Sinskey,Urbana-Champaign,1962,,,Massachusetts Institute of Technology,1966
Yadira Soto-Feliciano,University of Puerto Rico-Mayagüez,2008,,,MIT,2016
Stefani Spranger,Ludwig-Maximilian University Munich/Helmholtz-Zentrum Munich,2005,Ludwig-Maximilian University Munich/Helmholtz-Zentrum Munich,2008,Ludwig-Maximilian University Munich/Helmholtz-Zentrum Munich,2011
Susumu Tonegawa,Kyoto University,1963,,,San Diego,1968
Matthew Vander Heiden,University of Chicago,1994,,,University of Chicago,2000
Seychelle M. Vos,"BS,  2008,  Genetics,  University of Georgia",2008,,,Berkeley,2013
Graham C. Walker,Carleton University,1970,,,University of Illinois,1974
Bruce Walker,University of Vienna,1989,,,University of Vienna,1993
Robert A. Weinberg,MIT,1964,,,MIT,1969
Brandon Weissbourd,Harvard University,2009,,,Stanford University,2016
Jonathan Weissman,,,,,,
Jing-Ke Weng,China,2003,,,Purdue University,2009
Matthew A. Wilson,Rensselaer Polytechnic Institute,1983,,,California Institute of Technology,1991
Harikesh S. Wong,McMaster University,2010,,,University of Toronto,2016
Michael B. Yaffe,Cornell University,1981,,,Case Western Reserve University,1987
Yukiko Yamashita,Kyoto University,1994,,,Kyoto University,1999
Omer H. Yilmaz,University of Michigan,1999,,,University of Michigan Medical School,2008
Richard A. Young,Indiana University,1975,,,Yale University,1979
